datetime,pred_prob,pred_label
2025-02-13 08:00:24.863,0.9567803,1
2025-02-13 08:00:25.081,0.9581503,1
2025-02-13 08:00:25.377,0.9598547,1
2025-02-13 08:00:25.582,0.96095866,1
2025-02-13 08:00:25.857,0.96217793,1
2025-02-13 08:00:26.085,0.9631215,1
2025-02-13 08:00:26.366,0.9624593,1
2025-02-13 08:00:26.855,0.9629361,1
2025-02-13 08:00:27.084,0.9633446,1
2025-02-13 08:00:27.361,0.9636429,1
2025-02-13 08:00:27.595,0.9636014,1
2025-02-13 08:00:27.855,0.96357185,1
2025-02-13 08:00:28.079,0.9635421,1
2025-02-13 08:00:28.586,0.9640969,1
2025-02-13 08:00:28.859,0.9641911,1
2025-02-13 08:00:29.082,0.96426034,1
2025-02-13 08:00:29.361,0.9647595,1
2025-02-13 08:00:29.592,0.96512437,1
2025-02-13 08:00:29.842,0.9654804,1
2025-02-13 08:00:30.838,0.9658341,1
2025-02-13 08:00:31.089,0.9660859,1
2025-02-13 08:00:31.603,0.96595997,1
2025-02-13 08:00:31.859,0.9656501,1
2025-02-13 08:00:32.093,0.965479,1
2025-02-13 08:00:32.365,0.9606614,1
2025-02-13 08:00:32.603,0.9596362,1
2025-02-13 08:00:32.859,0.9591038,1
2025-02-13 08:00:33.089,0.95836693,1
2025-02-13 08:00:33.362,0.95782137,1
2025-02-13 08:39:16.066,0.99020517,1
2025-02-13 08:39:17.556,0.99124324,1
2025-02-13 08:39:18.799,0.99182934,1
2025-02-13 08:39:20.558,0.9922448,1
2025-02-13 08:39:35.299,0.99249965,1
2025-02-13 08:39:56.546,0.99260026,1
2025-02-13 08:40:02.822,0.9925,1
2025-02-13 08:40:04.047,0.9921422,1
2025-02-13 08:40:04.551,0.99083954,1
2025-02-13 09:09:01.817,0.98273546,1
2025-02-13 09:09:02.052,0.9847926,1
2025-02-13 09:09:03.025,0.98587495,1
2025-02-13 09:09:04.032,0.98637193,1
2025-02-13 09:09:05.521,0.9864336,1
2025-02-13 09:09:10.039,0.98587996,1
2025-02-13 09:09:13.041,0.98504204,1
2025-02-13 09:09:28.273,0.98350185,1
2025-02-13 09:09:28.792,0.9825324,1
